{
  "intrinsics": {
    "fx": 917.2535271628585,
    "fy": 915.4661709472364,
    "cx": 669.5256670249674,
    "cy": 361.5308689572251
  },
  "dist_coeffs": [
    0.1883346640624668,
    -0.5956173929355616,
    -2.8522851482924773e-05,
    -0.001509348700234564,
    0.5817555367186688
  ],
  "image_size": [
    1280,
    720
  ],
  "PATTERN_SIZE": [
    8,
    6
  ],
  "SQUARE_SIZE": 0.03,
  "reprojection_error": 0.6394374481721872
}