{
  "intrinsics": {
    "fx": 595.3655967049842,
    "fy": 598.2190371102464,
    "cx": 345.22171669971823,
    "cy": 262.6522925045184
  },
  "dist_coeffs": [
    0.0619013050180933,
    0.12644968849855148,
    0.011111070591081726,
    0.001410236924379402,
    -0.8446948924996636
  ],
  "image_size": [
    640,
    480
  ],
  "PATTERN_SIZE": [
    8,
    6
  ],
  "SQUARE_SIZE": 0.03,
  "reprojection_error": 0.31170877492135995
}